{
    "model_name": "BERT",
    "learning_rate": 9.095076630964591e-05,
    "batch_size": 64,
    "num_epochs": 1,
    "weight_decay": 0.015276072128319272,
    "dropout_rate": 0.26580202288785193
}